{
    "basic_programming_absolute_beginners": {
        "easy": [
            {
                "context": "Gaming",
                "scenarios": [
                    "Player scoring system",
                    "Character name validation",
                    "Team roster management"
                ]
            },
            {
                "context": "Social Media",
                "scenarios": [
                    "Username checker",
                    "Post length validator",
                    "Hashtag extractor"
                ]
            },
            {
                "context": "Weather App",
                "scenarios": [
                    "Temperature converter",
                    "Weather data analyzer",
                    "Forecast formatter"
                ]
            }
        ]
    }
} 